<?xml version="1.0"?>
<BCPFORMAT xmlns="http://schemas.microsoft.com/sqlserver/2004/bulkload/format" xmlns:xsi="http://www.w3.org/2001/XMLSchema-instance">
  <RECORD>
	<FIELD ID="1" xsi:type="CharTerm" TERMINATOR=";"/>
	<FIELD ID="2" xsi:type="CharTerm" TERMINATOR=";"/>
	<FIELD ID="3" xsi:type="CharTerm" TERMINATOR=";"/>
	<FIELD ID="4" xsi:type="CharTerm" TERMINATOR=";"/>
	<FIELD ID="5" xsi:type="CharTerm" TERMINATOR=";"/>
	<FIELD ID="6" xsi:type="CharTerm" TERMINATOR=";"/>
	<FIELD ID="7" xsi:type="CharTerm" TERMINATOR=";"/>
	<FIELD ID="8" xsi:type="CharTerm" TERMINATOR=";"/>
	<FIELD ID="9" xsi:type="CharTerm" TERMINATOR=";"/>
	<FIELD ID="10" xsi:type="CharTerm" TERMINATOR="\n"/>	
  </RECORD>
  <ROW>
	<COLUMN SOURCE="1" NAME="AirportName" xsi:type="SQLVARYCHAR"/>
	<COLUMN SOURCE="4" NAME="AirportCode" xsi:type="SQLVARYCHAR"/>
  </ROW>
</BCPFORMAT>


