<?xml version="1.0"?>
<BCPFORMAT xmlns="http://schemas.microsoft.com/sqlserver/2004/bulkload/format" xmlns:xsi="http://www.w3.org/2001/XMLSchema-instance">
  <RECORD>
	<FIELD ID="1" xsi:type="CharTerm" TERMINATOR="\t"/>
	<FIELD ID="2" xsi:type="CharTerm" TERMINATOR="\t"/>
	<FIELD ID="3" xsi:type="CharTerm" COLLATION="Hungarian_100_CI_AS_SC_UTF8" TERMINATOR="\t"/>
	<FIELD ID="4" xsi:type="CharTerm" COLLATION="Hungarian_100_CI_AS_SC_UTF8" TERMINATOR="\t"/>
	<FIELD ID="5" xsi:type="CharTerm" TERMINATOR="\t"/>
	<FIELD ID="6" xsi:type="CharTerm" TERMINATOR="\t"/>
	<FIELD ID="7" xsi:type="CharTerm" TERMINATOR="\t"/>
	<FIELD ID="8" xsi:type="CharTerm" TERMINATOR="\t"/>
	<FIELD ID="9" xsi:type="CharTerm" TERMINATOR="\t"/>
	<FIELD ID="10" xsi:type="CharTerm" TERMINATOR="\t"/>
	<FIELD ID="11" xsi:type="CharTerm" TERMINATOR="\t"/>
	<FIELD ID="12" xsi:type="CharTerm" TERMINATOR="\n"/>
  </RECORD>
  <ROW>
	<COLUMN SOURCE="1" NAME="CountryCode" xsi:type="SQLVARYCHAR"/>
	<COLUMN SOURCE="2" NAME="PostalCode" xsi:type="SQLVARYCHAR"/>
	<COLUMN SOURCE="3" NAME="City" xsi:type="SQLVARYCHAR"/>
	<COLUMN SOURCE="4" NAME="StateProvinceCounty" xsi:type="SQLVARYCHAR"/>
  </ROW>
</BCPFORMAT>


