<?xml version="1.0"?>
<BCPFORMAT xmlns="http://schemas.microsoft.com/sqlserver/2004/bulkload/format" xmlns:xsi="http://www.w3.org/2001/XMLSchema-instance">
  <RECORD>
    <FIELD ID="1" xsi:type="CharTerm" TERMINATOR=";" /> 
    <FIELD ID="2" xsi:type="CharTerm" TERMINATOR=";" />
    <FIELD ID="3" xsi:type="CharTerm" TERMINATOR=";"/>
    <FIELD ID="4" xsi:type="CharTerm" TERMINATOR=";" /> 
    <FIELD ID="5" xsi:type="CharTerm" TERMINATOR=";" />
    <FIELD ID="6" xsi:type="CharTerm" TERMINATOR=";"/>
	<FIELD ID="7" xsi:type="CharTerm" TERMINATOR=";" /> 
    <FIELD ID="8" xsi:type="CharTerm" TERMINATOR=";" />
    <FIELD ID="9" xsi:type="CharTerm" TERMINATOR=";"/>
	<FIELD ID="10" xsi:type="CharTerm" TERMINATOR=";"/>
    <FIELD ID="11" xsi:type="CharTerm" TERMINATOR=";" /> 
    <FIELD ID="12" xsi:type="CharTerm" TERMINATOR=";" />
    <FIELD ID="13" xsi:type="CharTerm" TERMINATOR=";"/>
    <FIELD ID="14" xsi:type="CharTerm" TERMINATOR=";" /> 
    <FIELD ID="15" xsi:type="CharTerm" TERMINATOR=";" />
    <FIELD ID="16" xsi:type="CharTerm" TERMINATOR=";"/>
	<FIELD ID="17" xsi:type="CharTerm" TERMINATOR=";" /> 
    <FIELD ID="18" xsi:type="CharTerm" TERMINATOR=";" />
    <FIELD ID="19" xsi:type="CharTerm" TERMINATOR=";"/>
	<FIELD ID="20" xsi:type="CharTerm" TERMINATOR=";"/>
    <FIELD ID="21" xsi:type="CharTerm" TERMINATOR=";" /> 
    <FIELD ID="22" xsi:type="CharTerm" TERMINATOR=";" />
    <FIELD ID="23" xsi:type="CharTerm" TERMINATOR=";"/>
    <FIELD ID="24" xsi:type="CharTerm" COLLATION="Hungarian_100_CI_AS_SC_UTF8" TERMINATOR=";" /> 
    <FIELD ID="25" xsi:type="CharTerm" TERMINATOR=";" />
    <FIELD ID="26" xsi:type="CharTerm" TERMINATOR=";"/>
	<FIELD ID="27" xsi:type="CharTerm" TERMINATOR=";" /> 
    <FIELD ID="28" xsi:type="CharTerm" TERMINATOR=";" />
    <FIELD ID="29" xsi:type="CharTerm" TERMINATOR=";"/>
	<FIELD ID="30" xsi:type="CharTerm" TERMINATOR=";"/>
    <FIELD ID="31" xsi:type="CharTerm" TERMINATOR=";" /> 
    <FIELD ID="32" xsi:type="CharTerm" TERMINATOR=";" />
    <FIELD ID="33" xsi:type="CharTerm" TERMINATOR=";"/>
    <FIELD ID="34" xsi:type="CharTerm" TERMINATOR=";" /> 
    <FIELD ID="35" xsi:type="CharTerm" TERMINATOR=";" />
    <FIELD ID="36" xsi:type="CharTerm" TERMINATOR=";"/>
	<FIELD ID="37" xsi:type="CharTerm" TERMINATOR=";" /> 
    <FIELD ID="38" xsi:type="CharTerm" TERMINATOR=";" />
    <FIELD ID="39" xsi:type="CharTerm" TERMINATOR=";"/>
	<FIELD ID="40" xsi:type="CharTerm" TERMINATOR=";"/>
    <FIELD ID="41" xsi:type="CharTerm" TERMINATOR=";" /> 
    <FIELD ID="42" xsi:type="CharTerm" TERMINATOR=";" />
    <FIELD ID="43" xsi:type="CharTerm" TERMINATOR=";"/>
    <FIELD ID="44" xsi:type="CharTerm" TERMINATOR=";" /> 
    <FIELD ID="45" xsi:type="CharTerm" TERMINATOR=";" />
    <FIELD ID="46" xsi:type="CharTerm" TERMINATOR=";"/>
	<FIELD ID="47" xsi:type="CharTerm" TERMINATOR=";" /> 
    <FIELD ID="48" xsi:type="CharTerm" TERMINATOR=";" />
    <FIELD ID="49" xsi:type="CharTerm" TERMINATOR=";"/>
	<FIELD ID="50" xsi:type="CharTerm" TERMINATOR=";"/>
    <FIELD ID="51" xsi:type="CharTerm" TERMINATOR=";" /> 
    <FIELD ID="52" xsi:type="CharTerm" TERMINATOR=";" />
    <FIELD ID="53" xsi:type="CharTerm" TERMINATOR=";"/>
    <FIELD ID="54" xsi:type="CharTerm" TERMINATOR=";" /> 
    <FIELD ID="55" xsi:type="CharTerm" TERMINATOR=";" />
    <FIELD ID="56" xsi:type="CharTerm" TERMINATOR=";"/>
	<FIELD ID="57" xsi:type="CharTerm" TERMINATOR=";" /> 
    <FIELD ID="58" xsi:type="CharTerm" TERMINATOR="\r\n"/>
  </RECORD>
  <ROW>
    <COLUMN SOURCE="1" NAME="CountryCode" xsi:type="SQLVARYCHAR"/>
    <COLUMN SOURCE="12" NAME="CountryName" xsi:type="SQLVARYCHAR"/>
    <COLUMN SOURCE="24" NAME="CountryNameN" xsi:type="SQLVARYCHAR"/>
  </ROW>
</BCPFORMAT>


