<?xml version="1.0"?>
<BCPFORMAT xmlns="http://schemas.microsoft.com/sqlserver/2004/bulkload/format" xmlns:xsi="http://www.w3.org/2001/XMLSchema-instance">
  <RECORD>
    <FIELD ID="1" xsi:type="CharTerm" COLLATION="Hungarian_100_CI_AS_SC_UTF8" TERMINATOR=";" /> 
    <FIELD ID="2" xsi:type="CharTerm" COLLATION="Hungarian_100_CI_AS_SC_UTF8" TERMINATOR=";" />
    <FIELD ID="3" xsi:type="CharTerm" COLLATION="Hungarian_100_CI_AS_SC_UTF8" TERMINATOR=";"/>
    <FIELD ID="4" xsi:type="CharTerm" TERMINATOR=";" /> 
    <FIELD ID="5" xsi:type="CharTerm" COLLATION="Hungarian_100_CI_AS_SC_UTF8" TERMINATOR=";" />
    <FIELD ID="6" xsi:type="CharTerm" COLLATION="Hungarian_100_CI_AS_SC_UTF8" TERMINATOR=";"/>
	<FIELD ID="7" xsi:type="CharTerm" TERMINATOR=";" /> 
    <FIELD ID="8" xsi:type="CharTerm" COLLATION="Hungarian_100_CI_AS_SC_UTF8" TERMINATOR=";" />
    <FIELD ID="9" xsi:type="CharTerm" COLLATION="Hungarian_100_CI_AS_SC_UTF8" TERMINATOR=";"/>
	<FIELD ID="10" xsi:type="CharTerm" COLLATION="Hungarian_100_CI_AS_SC_UTF8" TERMINATOR=";"/>
    <FIELD ID="11" xsi:type="CharTerm" TERMINATOR="\r\n"/>
  </RECORD>
  <ROW>
    <COLUMN SOURCE="1" NAME="FirstName" xsi:type="SQLVARYCHAR"/>
    <COLUMN SOURCE="2" NAME="MiddleName" xsi:type="SQLVARYCHAR"/>
    <COLUMN SOURCE="3" NAME="LastName" xsi:type="SQLVARYCHAR"/>
	<COLUMN SOURCE="4" NAME="PhoneNumber" xsi:type="SQLVARYCHAR"/>
    <COLUMN SOURCE="5" NAME="EmailAddress" xsi:type="SQLVARYCHAR"/>
    <COLUMN SOURCE="6" NAME="AddressDetails" xsi:type="SQLVARYCHAR"/>
	<COLUMN SOURCE="7" NAME="PostalCode" xsi:type="SQLVARYCHAR"/>
    <COLUMN SOURCE="8" NAME="City" xsi:type="SQLVARYCHAR"/>
    <COLUMN SOURCE="9" NAME="StateProvinceCounty" xsi:type="SQLVARYCHAR"/>
	<COLUMN SOURCE="10" NAME="Country" xsi:type="SQLVARYCHAR"/>
    <COLUMN SOURCE="11" NAME="OtherDetails" xsi:type="SQLVARYCHAR"/>
  </ROW>
</BCPFORMAT>


